date,sentence,cluster
"January 30, 2020",the first case was confirmed in Kerala's Thrissur district in a student who had returned home for a vacation from Wuhan University in China.,1
"February 2, 2020","the second case was reported in Kerala's Alappuzha district in a student who had returned from Wuhan, China.",1
"February 3, 2020","the third case was reported in Kerala's Kasaragod district in a student who had returned from Wuhan, China.",1
"March 2, 2020","the Union Health Ministry reported two more cases: a 45-year-old man in Delhi who had travelled back from Italy and a 24-year-old engineer in Hyderabad who had a travel history with the United Arab Emirates.[5][6] In addition, an Italian citizen in Jaipur, who was earlier tested negative, tested positive, totalling six confirmed cases in the country.",2
"March 2, 2020","88 people who were in contact with the Hyderabad individual, including fellow bus passengers from Bangalore, were tracked down by the government and placed under watch.",2
"March 2, 2020",Officials of the Government of Telangana stated that 36 people who had been in contact with the Hyderabad engineer had developed coronavirus symptoms.,2
"March 2, 2020","An employee of Intel in Bangalore who had come in contact with him was quarantined.[10] Fifteen crew members of the Air India flight, which had carried the Delhi man from Vienna, were placed in isolation for 14 days,[11] while six of his family members in Agra were quarantined.",2
"March 2, 2020","Staff of a restaurant in Delhi where he had dined on 28 February were asked to self-quarantine for two weeks,[13] and two schools in Noida whose students had attended a birthday party of his child were closed for a week.",2
"March 3, 2020","the wife of the Italian tourist in Jaipur also tested positive, and her samples were sent to Pune for confirmation.[15] A total of 24 people (21 Italians and 3 Indians) residing in a South Delhi hotel were shifted to an ITBP camp for testing.",4
"March 4, 2020","15 of them (14 Italians and 1 Indian), along with the Jaipur Italian tourist's wife, tested positive for coronavirus, according to an announcement by the All India Institute of Medical Sciences, New Delhi; the 14 Italians were quarantined at Medanta in Gurgaon.[17] The six family members of the Delhi case in Agra were confirmed to be infected with the virus.[18] A Paytm Gurgaon employee from Delhi, who had returned from a vacation in Italy, tested positive, taking the number of cases to 29.[19] 459 passengers have been screened in Kochi who were on board the Italian luxury cruise ship 'Costa Victoria'.",5
"March 5, 2020","a middle-aged man in Ghaziabad who had travel history with Iran tested positive.[21] More than 1,200 people, who came from other countries, were quarantined in Kolkata.",6
"March 6, 2020","a resident of West Delhi, who had travelled to Malaysia and Thailand, was diagnosed with the virus.",2
"March 7, 2020","a man in Jammu, who had travelled to Iran and South Korea,[24] and two people from Hoshiarpur with travel history to Italy were tested positive in preliminary tests, but a confirmation from Pune was awaited.[25] The Union Health Ministry announced three confirmed cases on 7 March—two people from Ladakh who had visited Iran, and a person in Tamil Nadu who had been to Oman.[26] The lone patient of COVID-19 in Tamil Nadu later tested negative on 10 March with that no fresh cases remained in the state.[27] An American tourist who was tested positive in Bhutan, caused alert in Assam after he was found to have visited several places in the state before leaving the country.",7
"March 8, 2020","five people of the same family in Ranni, Pathanamthitta District, Kerala, were tested positive for the virus. Three of them had been to Italy while other two came in direct contact with those infected.",5
"March 9, 2020","a three-year-old, who returned from Italy two days before, was tested positive in Ernakulam; the child's parents were also quarantined as a precaution. A 63-year-old woman in Jammu and Kashmir who had been to Iran was confirmed to be infected with the virus.[30] A person in Agra, who had come in contact with an infected person, and a man in Delhi were diagnosed with the virus.[31] Later, one of the two Hoshiarpur, Punjab suspected cases tested positive, as did a techie in Bangalore who had travel history to the United States.[32] Maharashtra reported its first two cases later in the day after a couple in Pune, with travel history to Dubai, tested positive.",7
"March 10, 2020","a press release from the Indian Council of Medical Research confirmed that three more people in Karnataka, including wife and child of the infected Bangalore techie, were diagnosed with the virus.[34] The Chief Minister of Kerala Pinarayi Vijayan reported six fresh cases in Pathanamthitta, all of whom were linked to the five previously confirmed cases from the town.[35] Three more people in Pune, who had come in contact with the infected couple from the city, tested positive.[36] Later, both parents of the infected three-year-old child in Ernakulam were also tested positive.",2
"March 11, 2020","an 85-year-old man in Jaipur tested positive who had travel history to Dubai.[38] Two people tested positive in Mumbai, who were close to previously reported Pune patients.[39] Maharashtra Chief Minister Uddhav Thackeray confirmed while addressing a press conference that total 10 people have tested positive in the state which included 8 from Pune and 2 from Mumbai. Later, a 45-year-old man who returned from US tested positive in Nagpur, taking the toll to 11 in Maharashtra.",4
"March 12, 2020","a 76-year-old man from Kalaburgi, Karnataka who had a travel history to Saudi Arabia became the first victim of the virus in the country.[41] A tourist guide in Noida, Uttar Pradesh who had came in contact with a group of Italian tourists, tested positive.[42] Later, a Canadian woman tested positive in Lucknow, Uttar Pradesh. Her husband, who had travelled with her was also put in isolation.[43] A 69-year-old woman in West Delhi who tested positive and died later, transmitted it from her 46-year-old son who had travel history to Japan, Italy and Geneva, Switzerland.[44][45] Andhra Pradesh reported its first case, a man returned from Italy tested positive in Nellore. Five people with whom he came in contact were quarantined.",8
"March 13, 2020","69-year-old woman from Delhi, who had transmitted it from her 46-year-old son with the travel history to Japan, Italy and Switzerland, became the second victim of the virus in the country.[45][47] An employee of Google in Bangalore, who had returned from a trip to Greece, tested positive; his colleagues were quarantined.[48] Later, two more people in Kerala who had returned from Dubai and Qatar tested positive taking the total number of COVID-19 cases in the state to 16.[49] In Maharashtra, 1 more person in Pune and 2 more in Nagpur tested positive taking total to 17 in the state.[50] An employee of a private firm in Noida tested positive who had travelled to Italy and than Switzerland.[51] An Indian national evacuated from Italy and quarantined at an Army facility near Gurugram tested positive.[52] Seven patients – 5 from Uttar Pradesh, and one each from Rajasthan and Delhi survived the disease and got discharged from various hospitals.",3
"March 14, 2020","In Maharashtra two people in Yavatmal with travel history to Dubai, one each in Thane, Ahmednagar,[54] Mumbai, Kalyan, Kamothe and Vashi,[55] and five in Pimpri-Chinchwad tested positive.[56] A second case of coronavirus was detected in Hyderabad in a person with a travel history to Italy.[57] A 24-year-old man in Jaipur who had travel history to Spain tested positive.",3
"March 15, 2020","On 15 March, A 59-year-old woman from Aurangabad with a travel history to Russia tested positive.[59] Uttar Pradesh reported its 12th case in Lucknow.[60] A UK national and a doctor who returned from abroad tested positive in Kerala.[61] Telangana reported its third case in a person who had travelled to the Netherlands.[62] A trainee officer at Forest Research Institute who had returned from a study tour to Spain, Finland and Russia became the first person to be tested positive in Uttarakhand.[63] The daughter of the first victim of the virus in the country tested positive in Kalaburagi, Karnataka.[64] The Italian couple and the Dubai-returned 85-year-old Jaipur native in Rajasthan recovered from the virus.[65] A 31-year-old man from Pune who recently travelled to Dubai and Japan tested positive later in the day.[66]",4
"March 16, 2020","On 16 March, Odisha reported its first case when a 31-year-old man from Bhubaneswar with travel history to Italy tested positive.[67] Maharashtra reported four more cases - three in Mumbai and one in Navi Mumbai.[68] A woman who was part of a nine-member group that returned from Dubai on 1 March tested positive in Yavatmal in Maharashtra.[69] Kerala reported three more cases – two in Malappuram and one in Kasaragod.[70] A 32-year-old man from Karnataka, who had returned in the same flight from Heathrow, London as the Mindtree employee, tested positive.[71] A 34-year-old soldier of the Indian Army, whose father had contracted the virus on 6 March, tested positive in Leh.[72]",8
"March 17, 2020","On 17 March, a 64-year-old man from Mumbai, Maharashtra, who had a travel history to Dubai, became the third victim of the virus in the country.[73] Two people who returned from France tested positive in Noida.[74] Three more cases were reported in Ladakh – two from Leh and one from Kargil district.[75] A 3-year-old girl and both her parents tested positive in Mumbai.[76] In Puducherry, a 68-year-old woman who travelled to the UAE was the first reported case in the Union Territory.[77] In Kalaburagi, Karnataka, a 63-year-old doctor, who treated the first victim of the virus in the country, tested positive.[78] Two inmates at the ITBP quarantine facility in New Delhi, who had a travel history to Italy, tested positive.[79] West Bengal reported its first case in a person who had returned from England.[80]",7
"March 18, 2020","On 18 March, a woman in her late 20s, who had a travel history to France and the Netherlands, tested positive in Pune.[81] Telangana reported its sixth case in a person who had a travel history to the UK.[82] A man from Gautam Buddha Nagar district in Noida who had returned from Indonesia tested positive.[83] Karnataka reported two more cases, a 56-year-old man who returned from the United States and a 26-year-old woman who returned from Spain.[84] Tamil Nadu's second case was reported in a person who travelled by train from Delhi to Chennai.[85] Rajasthan reported three more cases in a couple and their 2-year-old daughter from Jhunjhunu, they had returned from Italy.",9
"March 19, 2020","On 19 March, a 72-year-old man in Punjab who had returned from Germany via Italy became the fourth victim of the virus in the country.[87] A 23-year-old woman in Chandigarh who had a travel history to the UK tested positive.[88] Two women from Mumbai - a 22-year-old who had returned from the UK and a 49-year-old resident of Ulhasnagar who had returned from Dubai tested positive.[89] Chhattisgarh reported its first case in a 23-year-old woman from Raipur who had travelled to London, UK.[90] Two more people tested positive in Uttar Pradesh - one from Lucknow and the other from Lakhimpur Kheri district.[91] A person from Kodagu district in Karnataka tested positive.[92] A 21-year-old student who had returned from Ireland tested positive in Tamil Nadu.[93] An HCL employee in Noida, Uttar Pradesh who had returned from international travel tested positive.[94]",9
"March 20, 2020","On 20 March, Bollywood singer Kanika Kapoor who returned from London tested positive in Lucknow.[95] A 69-year-old Italian man who recovered from coronavirus earlier, died due to cardiac arrest in Rajasthan.[96] Gujarat reported its first two cases, a woman in Surat who returned from New York City and a man in Rajkot who returned from Mecca tested positive.[97] Telangana reported ten new cases, seven Indonesians, a 22-year-old man who had returned from Scotland,[98] and two person who returned from London tested positive.[99] Four more people tested positive in Lucknow, Uttar Pradesh - three related to a previously-infected doctor and one with a travel history to Gulf.[100] A third case was reported in Punjab's Mohali where a 68-year-old women who returned from United Kingdom tested positive.[101] One more person tested positive in Kolkata, West Bengal, a 20-year-old man with a travel history to United Kingdom.[102] An 18-year-old-girl in Telangana with a travel history to London tested positive.[103] Three more cases were reported in Maharashtra - one each in Mumbai, Pune and Pimpri-Chinchwad.[104] Himachal Pradesh reported its first two cases.[105] Twelve more cases were reported in Kerala - five from Ernakulam, six from Kasaragod and one from Palakkad.[106] In Bhilwara, Rajasthan, six people tested positive.[107] A couple who returned from Spain, tested positive in Jaipur.",4
"March 21, 2020","On 21 March, Noida confirmed a case in Supertech CapeTown society.[109] West Bengal reported its third case in a woman with a travel history to Scotland.[110] Number of coronavirus positive cases increases in Punjab to 13.[111] Six new cases were reported in Rajasthan - five from Bhilwara and one from Jaipur.[112][113] In Karnataka, three more positive cases were confirmed.[114][115] Three more positive cases were confirmed in Tamil Nadu, all foreign nationals.[116][117]",7
"March 22, 2020","On 22 March, a 63-year-old man from Mumbai, Maharashtra,[118] a 38-year-old man from Patna, Bihar[119] and a 64-year-old man from Surat, Gujarat[120] became the fifth, sixth and seventh victims of the virus in the country. In Karnataka, a 33-year-old-man with recent foreign travel history tested positive.[121] Ten more people tested positive in Maharashtra - six from Mumbai and four from Pune, five of whom got the infection through local transmission and the other five had a history of foreign travel.[122] Seven more cases were confirmed in Punjab, all of whom had come in contact with the 70-year-old man from Pathlawa village who had succumbed to the virus in the previous week.[123] Gujarat reported four more cases - two each from Ahmedabad and Gandhinagar.[124] In Telangana, a 24-year-old man of Guntur district of Andhra Pradesh tested positive.[125] 15 more people tested positive in Karnataka.[126] Rajasthan reported three new cases - one each from Bhilwara, Jhunjhunu and Jodhpur.",9
"March 23, 2020","On 23 March, a 55-year-old man from Kolkata, West Bengal and a Tibetan refugee from Kangra district in Himachal Pradesh became the eighth and ninth victims of the virus in the country.[128][129] A 68-year-old man from the Philippines died in Mumbai after initial recovery from the virus.[130] Kerala reported 28 new cases - 19 from Kasaragod district, five from Kannur, one from Pathnamthitta, two from Ernakulam and one from Thrissur.[131]",8
"March 24, 2020","On 24 March, a 65-year-old man from Mumbai, Maharashtra, who had a travel history to the UAE, became the tenth victim of the virus in the country.[132] Two more cases were reported in Kozhikode, Kerala - a 42-year-old man who returned from Abu Dhabi and a 27-year-old person from Cherapuram.[133] Manipur reported its first case in a woman who had returned from the UK.[134] In Maharashtra, four more cases were reported - three from Pune and one from Satara.[135] Three more cases were reported in Telangana - one each from Kokapet, Chanda Nagar and Begumpet.[136] Six more people tested positive in Punjab, all of whom had come in contact with the 70-year-old Nawanshahr resident who had tested positive for the infection and died of cardiac arrest the previous week.[137] Three more cases were reported in Chennai - a 74-year-old male and a 52-year-old female who had returned from the United States and a 25-year-old female who had returned from Switzerland.[138] Mizoram reported its first case in a 50-year-old man with a travel history of Qatar, Amsterdam, Istanbul and Doha.",6
"March 25, 2020","On 25 March, a 54-year-old man from Madurai in Tamil Nadu, a 65-year-old woman from Indore in Madhya Pradesh and an 85-year-old woman from Ahmedabad in Gujarat became the eleventh, twelfth and thirteenth victims of the virus in the country.[140] A 29-year-old from Patna, Bihar, who had returned from Gujarat tested positive.[141] Three more cases were reported in Gujarat - one each from Ahmedabad, Surat and Vadodara, of which one was related to travel history to Dubai and two were local transmissions.[142] In Madhya Pradesh, a journalist, who had attended the final press conference of Congress leader Kamal Nath as the CM, tested positive.[143] Five more cases were reported in Tamil Nadu - four Indonesians and their travel guide from Chennai.[144] Six more cases were reported in Maharashtra - five from Mumbai and one from Thane.[145] In Maharashtra, a 65-year-old woman who used to serve lunch near a corporate office in Mumbai's Prabhadevi tested positive.[146]",7
"March 25, 2020",Mass movement by migrants. India sees large-scale movement of the urban poor as they head for their homes in rural areas.,10
"March 26, 2020","FM announces Rs 1.7 trn plan for poor and migrants. Finance Minister Nirmana Sitharaman announces a Rs 1.7 trillion economic stimulus plan that will be released through direct cash transfers and food security measures aimed at giving relief to millions of poor hit by the nationwide lockdown. The relief’s cash support includes payments to farmers, free cooking gas to the poor for three months, state-sponsored contributions to retirement funds for the same duration and insurance cover of Rs 50 lakh to medical workers, she said.",10
"March 26, 2020","On 26 March, a 65-year-old man from Srinagar in Jammu and Kashmir,[147] a 70-year-old man from Bhavnagar in Gujarat[148] and a 75-year-old woman from Gauribidanur in Karnataka,[149] a 65-year-old woman from Navi Mumbai in Maharashtra[150] and a 73-year-old man from Bhilwara district in Rajasthan[151] became the fourteenth, fifteenth, sixteenth, seventeenth and eighteenth victims of the virus in the country. Three more cases were reported in Goa - a 25-year-old man who returned from Spain, a 29-year-old man who returned from Australia and a 55-year-old man who returned from the US.[152] Four more people tested positive in Lucknow, Uttar Pradesh - a 21-year-old woman whose parents had tested positive, a 32-year-old man who had returned from Dubai, a 33-year-old woman and a 39-year-old man.[153] Five more people tested positive in Telangana - a 3-year-old kid who had returned from Saudi Arabia, a middle-aged lady who was the primary contact of another person who had tested positive, a 49-year-old man from Medchal, a 36-year-old lady doctor from Domalguda and her 41-year-old doctor husband.[154][155] Five more cases were reported in Indore, Madhya Pradesh, none of which were linked to foreign travel history.[156] Three more cases were reported in Noida, Uttar Pradesh, all related to each other - a 21-year-old woman whose parents had tested positive, 39-year-old man who was a co-worker of the 21-year-old woman's father and his 33-year-old wife.[157] Andaman and Nicobar Islands reported its first case - a man who had returned from Chennai.[158] Two more cases were confirmed in Maharashtra - one each from Mumbai and Thane.[159] Three more cases were reported in Bihar - a 20-year-old man from Patna who had no travel history; a 40-year-old woman and a 12-year-old boy from Munger district who had come in contact with the 38-year-old man from the state who had succumbed to the virus.[160][161] two more positive cases were reported in Andhra Pradesh.",6
"March 27, 2020","Light diyas, candles to give hope to the poor, says PM Modi",10
"March 27, 2020","On 27 March, a 65-year-old woman from Mumbai in Maharashtra,[163] a 65-year-old man from Indore in Madhya Pradesh,[164] a 60-year-old man from Tumakuru in Karnataka[165] and a 38-year-old man from Ujjain in Madhya Pradesh became the nineteenth, twentieth, twenty-first and twenty-second victims of the virus in the country. Kerala confirmed thirty-nine more cases - thirty-three from Kasaragod district, two from Kannur and one each from Thrissur, Kozhikode and Kollam.[166] Twenty-eight cases were reported in Maharashtra.[167] Telangana confirmed fourteen more cases.[168] Ten more cases were reported in Madhya Pradesh.[169] Karnataka reported nine more cases.[170] Odisha reported a case in a person who had returned to Bhubaneswar from Delhi.[171] One more case was confirmed in Andaman and Nicobar Islands in a man in his mid-30s who had travelled with the first positive case in the Union Territory.[172] Two more cases were reported in Bihar- a person from Siwan who had returned from Dubai and a person from Nalanda who had no travel history.[173] In Andhra Pradesh, a man who had come in contact with an afflicted patient in Visakhapatnam tested positive.[174] One more case was reported in Chandigarh in a person who had returned from Dubai.[175] Five local transmissions were reported in Punjab - three from SBS Nagar and one each from Jalandhar and Sas nagar.[176] Seven cases were reported in Rajasthan - two each from Bhilwara and Dungarpur, and one each from Jaipur, Jodhpur and Churu.[177]",8
"March 28, 2020","On 28 March, a 60-year-old Yemeni national who had traveled to Delhi as a potential liver donor,[178] a 69-year-old man from Ernakulam in Kerala who had returned from Dubai,[179] an 85-year-old retired urologist from Mumbai in Maharashtra[180] a 74-year-old man from Hyderabad in Telangana who had returned from a religious congregation in New Delhi,[181] a 46-year-old from Ahmedabad in Gujarat[182] and a 74-year-old man from Telangana[183] became the twenty-third, twenty-fourth, twenty-fifth, twenty-sixth, twenty-seventh, twenty-eighth victims of the virus in the country. Fourteen more cases were registered in Maharashtra - twelve from Mumbai and two from Nagpur.[184] Seventeen more cases were confirmed in Karnataka - sixteen linked to other cases and a man from Bengaluru who had returned from London, UK.[185] Thirteen more cases were confirmed in Jammu and Kashmir - nine from Srinagar, three from Jammu and one from Ganderbal.[186] Three more cases were confirmed in Madhya Pradesh - two from Indore and one from Ujjain.[187] Four more cases were confirmed in Rajasthan - a 23-year-old man in Ajmer who had travelled to Punjab and three staff members of a private hospital in Bhilwara.[188] Gujarat reported six more cases.[189] Tamil Nadu reported two more cases - one from Kumbakonam and another from Katpadi.[190][191] Kerala reported six more cases - two from Thiruvananthapuram district and one each from Kollam, Palakkad, Malappuram and Kasaragod.[192] Five more cases were reported in Uttar Pradesh - three from Noida and one each from Greater Noida and Gautam Buddha Nagar district.[193] Another case was reported in Uttarakhand in a 21-year-old man from Dehradun who had a travel history to Dubai.[194] A 21-year-old man from Raipur in Chhattisgarh who had returned from London, UK tested positive.[195] Six more cases were reported in Telangana.[196] Three more people tested positive in Andaman and Nicobar Islands, all of whom had attended a religious programme in Delhi.[197] Three women in West Bengal, two of whom had come in contact with another positive case, tested positive.[198]",9
"March 29, 2020","On 29 March, a 45-year-old man from Ahmedabad in Gujarat,[199] a 52-year-old man from Srinagar in Jammu and Kashmir,[200] a 40-year-old woman from Mumbai in Maharashtra,[201] a 45-year-old man from Buldhana in Maharashtra[202] and a 62-year-old man from Hoshiarpur district in Punjab became twenty-ninth, thirtieth, thirty-first, thirty-second and thirty-third victims of the virus in the country. Twenty-three cases were registered in Delhi.[203] Twenty-two more cases were confirmed in Maharashtra - ten from Mumbai, five from Pune, three from Nagpur, three from Ahmednagar and one each from Sangli, Buldhana and Jalgaon.[204] Twenty more cases were reported in Kerala - eight from Kannur district, seven from Kasaragod and one each from Thiruvananthapuram, Ernakulam, Thrissur, Palakkad and Malappuram.[205] Tamil Nadu reported eight more cases, all of which were linked to the two Thai nationals and their group who had tested positive.[206] Gujarat registered eight more cases - four from Ahmedabad and one each from Rajkot, Surat, Porbandar and Gir Somnath.[207] Jammu and Kashmir reported five more cases - two from Srinagar, two from Budgam and one from Baramulla.[208] Four more cases were reported in Bihar.[209] Five more cases were detected in Rajasthan - three from Ajmer and one each from Bhilwara and Jhunjhunu.[210][211] First case reported positive in Ambala.[212] Two people, one of whom was a brother of one of the other cases, tested positive in Goa.[213] Two more local transmissions were reported in Visakhapatnam, Andhra Pradesh.[214] Three more cases were reported in West Bengal - 51-year-old army anaesthesiologist from Kolkata who had returned from Delhi, a 66-year-old retired government employee from Baranagar and a 59-year-old man.[215] Three more cases were reported in Telangana.[216]",8
"March 30, 2020","On 30 March, a 45-year-old woman from Bhavnagar in Gujarat,[217] a 44-year-old woman from Kalimpong in West Bengal,[218] a 52-year-old man from Pune in Maharashtra,[219] a 42-year-old woman from Ludhiana in Punjab,[220] a 41-year-old man from Indore in Madhya Pradesh[221] a 49-year-old woman from Indore in Madhya Pradesh,[222] an 80-year-old man from Mumbai in Maharashtra,[223] five persons from Telangana,[224] a 25-year-old man from Basti district in Uttar Pradesh[225] and a 48-year-old woman from Howrah in West Bengal[226] became the thirty-fourth, thirty-fifth, thirty-sixth, thirty-seventh, thirty-eighth, thirty-ninth, fortieth, forty-first, forty-second, forty-third, forty-fourth, forty-fifty, forty-sixth and forty-seventh victims of the virus in the country. Thirty-two cases were detected in Kerala, of which seventeen were linked to foreign travel history and fifteen were local transmissions.[227] A 49-year-old man from Kakinada and a 72-year-old man from Rajahmundry tested positive in Andhra Pradesh.[228] Seventeen more cases were reported in Tamil Nadu.[229] One more case was confirmed in Andaman and Nicobar Islands.[230] Gujarat confirmed six more cases - five from Bhavnagar and one from Ahmedabad.[231] Eight more cases were registered in Madhya Pradesh - seven from Indore and one from Ujjain.[232] Punjab registered three more cases - one each from Mohali, Ludhiana and Patiala.[233] Jammu and Kashmir reported eleven more cases - eight from Kashmir and three from Jammu division.[234] Five more cases were confirmed in Chandigarh - an NRI couple who reside in Canada and three local transmissions.[235] Seven more people tested positive in Telangana.[236] Twenty-five more people tested positive in Delhi.[237] Maharashtra registered seventeen more cases - eight from Mumbai, five from Pune, two from Nagpur and one each from Nashik and Kolhapur.[238] Sixteen more cases were reported in Uttar Pradesh - seven from Noida, six from Meerut and one each from Lucknow, Agra and Bulandshahr.[239] Twenty cases were detected in Rajasthan.[240] Three members of a family who returned from Italy and their two close relatives were discharged.[241]",9
"March 31, 2020",Delhi's Nizamuddin emerges as coronavirus hotspot,11
"March 31, 2020","On 31 March, a 68-year-old woman from Thiruvananthapuram in Kerala[242] and a 65-year-old man from Mohali district in Punjab[243] became the forty-eighth and forty-ninth victims of the virus in the country. The senior citizen couple in Kerala was discharged.[244] Sixty-four more cases were reported in Maharashtra.[245] Fifty-seven more people tested in Tamil Nadu.[246] The case count in Delhi went up by twenty-three.[247] Another twenty-one persons tested positive in Andhra Pradesh.[248] Nineteen more cases were reported in Madhya Pradesh - seventeen from Indore and one each from Bhopal and Ujjain.[249] Three local transmissions were detected in Gujarat - one each from Ahmedabad, Gandhinagar and Rajkot.[250] Karnataka reported seven more cases - two from Bengaluru, two from Mysuru and one each from Chikkaballapur, Dakshina Kannada and Uttarakannada.[251] Six cases were reported in Kashmir.[252] Five local transmissions were reported in Bareilly, Uttar Pradesh.[253] Four more cases were reported in Rajasthan.[254] First positive case reported in Jharkhand.",11
"April 1, 2020","On 1 April, a 65-year-old man from Khargone district in Madhya Pradesh,[256] a 72-year-old from Meerut in Uttar Pradesh[257] a 51-year-old man from Mumbai in Maharashtra, a 50-year-old man from Palghar in Maharashtra, a 75-year-old man from Mumbai in Maharashtra, an 84-year-old woman from Mumbai in Maharashtra, a 73-year-old woman from Mumbai in Maharashtra and a 63-year-old woman from Mumbai in Maharashtra[258] became the fiftieth, fifty-first, fifty-second, fifty-third, fifty-fourth, fifty-fifty, fifty-sixth and fifty-seventh victims of the virus in the country. One hundred and ten people tested positive in Tamil Nadu.[259] Forty-three more cases were reported in Andhra Pradesh.[260] Maharashtra reported thirty-three more cases - thirty from Mumbai, two from Pune and one from Buldhana.[261] Confirmed cases in Delhi increased by thirty-two.[262] Kerala reported twenty-four more cases - twelve from Kasargod, three from Ernakulam, two each from Thiruvananthapuram, Thrissur, Malappuram and Kannur, and one from Palakkad.[263] Twenty more infections were detected in Madhya Pradesh - nineteen from Indore and one from Khargone district.[264] Sixteen positive cases were confirmed in Maharashtra.[265] Eight more people tested positive cases in Ahmedabad, Gujarat, of whom four had inter-state travel history, three contracted it from locals and one had foreign travel history.[266] Four positive cases were confirmed in Guwahati, Assam.[267] Thirteen more cases were registered in Ramganj area of Jaipur in Rajasthan, all of whom had come in contact with the first positive case in the area.[268]",9
"April 2, 2020","On 2 April, two persons who had visited the Nizamuddin Markaz in Delhi,[269] a 52-year-old man from Vadodara in Gujarat,[270] a 55-year-old man from Vijayawada in Andhra Pradesh,[271] a 62-year-old man from Amritsar in Punjab,[272] four persons from Maharashtra,[273] a 67-year-old man from Ambala in Haryana,[274] a 65-year-old woman from Indore in Madhya Pradesh, a 54-year-old man from Indore in Madhya Pradesh[275] and a 71-year-old man from Chennai in Tamil Nadu[276] became the fifty-eighth, fifty-ninth, sixtieth, sixty-first, sixty-second, sixty-third, sixty-fourth, sixty-fifth, sixty-sixth, sixty-seventh, sixty-eighth, sixty-ninth and seventieth victims of the virus in the country. Delhi recorded an increase of one hundred and forty-one in confirmed cases, 91.49 percent of which were linked to the Nizamuddin Markaz congregation.[277] Eighty-eight more infections were identified in Maharashtra - fifty-four from Mumbai, eleven from Pune, nine from Ahmednagar, nine from areas around Mumbai, two from Aurangabad and one each from Satara, Osmanabad and Buldhana.[278] Tamil Nadu reported seventy-five more case of which seventy-four were linked to the Nizamuddin Markaz congregation.[279] Three cases were confirmed in Assam's Goalpara district.[280] Thirteen persons tested positive in Rajasthan - seven from Ramganj and one each from Jodhpur, Jhunjhunu, Udaipur, Dholpur & Bharatpur.[281][282] Twenty cases were reported in Andhra Pradesh.[283] A 10-month-old girl and her grandmother tested positive in Chandigarh.[284] Arunachal Pradesh reported its first case in a 31-year-old man who returned from the Nizamuddin Markaz meet.[285] Three persons who attended the Nizamuddin Markaz congregation tested positive in Una, Himachal Pradesh.[286]",9
"April 3, 2020","On 3 April, a 78-year-old man from Panchmahal district in Gujarat,[287] a 67-year-old man from Ahmedabad in Gujarat,[288] a 75-year-old man from Bagalkote in Karnataka,[289] two persons in Delhi[290] and a 71-year-old man from Chennai in Tamil Nadu[291] became the seventy-first, seventy-second, seventy-third, seventy-fourth and seventy-fifth victims of the virus in the country. One hundred and two people tested positive in Tamil Nadu.[292] Delhi registered ninety-three more cases, seventy-seven of which were connected to the Tablighi Jamaat congregation.[293] Seventy-five more cases were confirmed in Telangana.[294] Maharashtra reported sixty-seven more cases - forty-three from Mumbai, ten from areas around the city, nine from Pune, three from Ahmednagar and one each from Vashi and Ratnagiri.[295] Madhya Pradesh's case count went up by forty-seven.[296] Forty-six more cases were recorded in Rajasthan - fourteen from Jaipur, nine evacuees from Iran, twelve from Tonk, three each from Alwar and Udaipur, two each from Bharatpur and Bikaner and one from Dausa.[297] Uttar Pradesh reported forty-four more cases, out of which forty-two were linked to the Nizamuddin Markaz event.[298] Twelve more cases were reported in Andhra Pradesh.[299] Nine positive cases were reported in kerala - 7 from Kasaragod and 1 each from Kannur & Thrissur.[300]",11
"April 4, 2020","On 4 April, a 67-year-old woman from Ahmedabad in Gujarat,[301] a 51-year-old man from Villupuram in Tamil Nadu,[302] a 53-year-old woman from Theni district in Tamil Nadu,[303] six persons in Maharashtra[304] and 36-year-old man from Chhindwara in Madhya Pradesh[305] became the seventy-sixth, seventy-seventh, seventy-eighth, seventy-ninth, eightieth, eighty-first, eighty-second, eighty-third, eighty-fourth and eighty-fifth victims of the virus in the country. Four positive cases were reported in Visakhapatnam.[306] 47 positive cases were reported in Maharashtra.[307] First case reported in Faridkot District where a 35-year-old man tested positive.[308] One positive cases was reported in Assam.[309] Six positive cases were reported in Uttarakhand.[310]",11
"April 5, 2020","On 5 April, a person from Delhi,[311] a 61-year-old woman from Surat in Gujarat,[312] thirteen people from Maharashtra,[313] a 69-year-old woman from Ludhiana in Punjab,[314] and a 60-year-old man from Chennai in Tamil Nadu[315] became the eighty-sixth, eighty-seventh, eighty-eighth, eighty-ninth, ninetieth, ninety-first, ninety-second, ninety-third, ninety-fourth, ninety-fifth, ninety-sixth, ninety-seventh, ninety-eighth, ninety-ninth, hundredth, hundred-and-first and hundred-and-second victims of the virus in the country. One hundred and thirteen cases were registered in Maharashtra - eighty-one from Mumbai, eighteen from Pune, four from Aurangabad, three from Ahmednagar, two each from Kalyan-Dombivli and Thane, one each from Osmanabad and Vasai and one from Gujarat.[316] Eighty-six more people tested positive in Tamil Nadu, of whom eighty-five had attended the Tablighi Jamaat congregation and one had a travel history to Dubai.[317] Delhi's case count rose by fifty-eight.[318] Telangana detected sixty-two more infections.[319] Positive cases were reported in Mewat - Haryana.[320] 16 positive cases were reported in Indore - Madhya Pradesh.[321] 29 positive cases were confirmed in Maharashtra.[322] 42 years old man tested positive in Dera Bassi of Mohali and 28 years old man tested positive in Ludhiana.[323]",12
"April 6, 2020","On 6 April, two people from Andhra Pradesh and a 62-year-old woman from Vadodara in Gujarat[324] became the hundred-and-third, hundred-and-fourth and hundred-and-fifth victims of the virus in the country.[325] One hundred and twenty cases were reported in Maharashtra - sixty-eight from Mumbai, forty-one from Pune, three from Aurangabad, two each from Vasai-Virar, Satara and Ahmednagar and one each from Jalna and Nashik.[326] Sixty-three more people in Madhya Pradesh tested positive - forty-three from Bhopal, sixteen from Indore, one each from Betul, Vidisha, Ujjain and one from another district.[327] Fourteen more positive cases reported in Andhra Pradesh - 5 in Visakhapatnam, 3 in Anantapuram, 3 in Kurnool, 2 in Guntur, & 1 in West Godavari.[328] 16 positive cases were reported in Mohali.[329] 7 positive cases were reported in Punjab - 2 from Fatehgarh Sahib, 2 from Ropar, 1 and first from Kapurthala, 1 new from Mohali and 1 from Amritsar. The person from Amritsar died on same day.[330] 54 years old man tested corona positive in Ludhiana.[331]",12
"April 7, 2020","On 7 April, the nationwide death toll hit one hundred and twenty-four.[332] 23 positive cases were reported in Maharashtra.[333] 12 positive cases were reported in Karnataka.[334] Three positive cases were reported in Rajasthan.[335] 12 more cases confirmed in the state as 7 from Mohali and all belongs to a single village, 2 from Mansa, 1 from Pathankot, the husband of the deceased corona patient, first Coronavirus case from Moga originally belongs to Maharashtra state[336] and 1 from Amritsar, the wife of corona patient who died a day before in Amritsar. Later on 8 more cases confirmed in Punjab. 5 from Pathankot and all came into the contact of the deceased corona patient in the District and 3 from Moga.[337]",13
"April 8, 2020","On 8 April, the Union Health Ministry put the death toll at one hundred and forty-nine.[338] 22 cases were reported in Madhya Pradesh.[339] 51 positive cases were confirmed in Delhi.[340] Six positive cases were reported in Karnataka.[341] 15 positive cases were reported in Rajasthan.[342] 14 positive cases were reported in Jammu and Kashmir.[343] Seven positive cases were reported in Punjab.[344]",13
"April 9, 2020","On 9 April, the death toll in the country rose to one hundred and sixty-nine.[345] Maharashtra reported two hundred and eleven cases.[346] Ninety-six people tested positive in Tamil Nadu.[347] Seventy-six people in Gujarat tested positive for the virus.[348] Delhi saw an increase of fifty-one new cases.[349] One positive case was reported in Himachal Pradesh.[350] 22 positive cases including a doctor & his wife have been tested positive in Madhya Pradesh.[351][352] 51-year-old woman in Dhenkanal and a 69-year-old man from West Bengal in Bhubaneswar were confirmed positive.[353] 7 positive case reported in Mohali.[354] Four more cases confirmed in Piunjab - 3 from Jalandhar and 1 from Amritsar.[355]",13
"April 10, 2020",Modi holds a digital meet with the chief ministers. Prime Minister Narendra Modi holds a digital meet with the chief ministers of all the states and discusses the lockdown extension issue.,10
"April 10, 2020","On 10 April, four positive cases were reported in Odisha.[356] 26 positive cases were reported in Rajasthan.[357] 21 positive cases were confirmed in Gujarat.[358] Two positive cases were reported in Bihar.[359] 10 positive cases were reported in Karnataka.[360] Eight positive cases were reported in Srinagar.[361]",13
"April 11, 2020","On 11 April, 16-year-old tested positive in Chhattisgarh earlier, has recovered and will be discharged.[362] Two positive cases were reported in Odisha take the state tally to 50.[363] 92 positive cases were reported in Maharashtra.[364] Seven cases were reported in Karnataka.[365] 54 cases were reported in Gujarat.[366] 117 positive cases were reported in Rajasthan.[367] 2 positive cases were reported in Himachal Pradesh.[368] One positive case reported in Patiala District.[369] Later on 2 new cases confirmed in Mohali.[370] 1 more case confirmed in Pathankot and 3 from Jalandhar.[371] 62 positive cases were reported in Madhya Pradesh.[372]",14
"April 12, 2020","On 12 April, 51 cases were reported in Rajasthan.[373] 54 cases were reported in Odisha.[374] 15 cases reported from Dharavi in Mumbai.[375] 25 positive cases were reported in Gujarat.[376] 36 people have recovered in a single day in Kerala.[377] 217 positive cases were reported in Mumbai.[378] 21 positive cases were reported in Jammu and Kashmir.[379] 2 more cases confirmed from Jawaharpur village of Mohali where an 80 years old and 55 years old females tested positive.[380] 70-year-old woman has been discharged in Karnataka from hospital after treatment. At the same time, seven patients have been discharged after treatment so far.[381]",13
"April 13, 2020","On 13 April, 11 positive cases reported in Rajasthan - 10 from Bharatpur & 1 from Banswara.[382] 30 positive cases were reported in Agra.[383] 22 positive cases were reported in Gujarat.[384] Four positive cases were reported from Dharavi in Mumbai.[385] 52-year-old Gazetted Officer reported positive of Punjab Police in Ludhiana.[386] The 44 Indians from Iran, who were brought to the country and kept in the Indian Navy's Quarantine Center at Ghatkopar, Mumbai, have now returned home.[387] 6 positive cases were reported in Punjab - 1 case from Mohali and 2 cases reported each from Jalandhar and Pathankot[388] 25 staff members of a hospital in Mumbai have tested positive.[389] 25 cases reported in Kashmir.[390]",13
"April 14, 2020","On 14 April, 29 deaths has been reported.[391] A 56-year-old woman and a 38-year-old woman have tested positive in Mohali.[392] 45 cases were reported in Gujarat.[393] 34 positive cases were reported in Andra Pradesh.[394] Two cases were reported in Haryana.[395] 8 positive cases were reported in Kerala.[396] 204 positive cases were reported in Mumbai.[397] 71 positive cases were reported in Rajasthan.[398] First corona case confirmed in Gurdaspur District where a 60 years old man tested positive who returned from Jalandhar hospital.[399]",14
"April 15, 2020","On 15 April, the number of positive cases in India exceeded 11,000.[400] 39 deaths has been reported.[401] 76 positive cases were reported in Indore.[402] Five positive cases were reported in Dharavi - Mumbai.[403] 56 positive cases were reported in Gujrat.[404] 29 cases reported in Rajasthan.[405] 19 positive cases were reported in Andhra Pradesh.[406] 183 positive cases were reported in Mumbai.[407] only one positive case was reported in Kerala.[408] 15 case were reported in Karnataka.[409] 38 cases reported in Tamil Nadu, Of these, 34 are people who joined the Tablighi Jamaat and were in contact with them.[410]",13
"April 16, 2020","The government allows opening up of some industries in rural areas after April 20 to reduce the distress caused to millions of people because of the lockdown. The government also allows farm activities, construction of roads and buildings in the hinterland which has so far been less affected by the coronavirus.",15
"April 16, 2020","On 16 April, 28 deaths has been reported.[411] 19 positive cases were reported in Agra.[412] 22 positive cases were reported in Andhra Pradesh.[413] 2 positive cases were reported in Bihar.[414] 15 cases were reported in Tamil Nadu.[415] 34 cases were reported in Karnataka.[416] 107 cases were reported in Mumbai.[417] 7 cases were reported in Kerala.[418] 2 cases were reported in Assam.[419] 6 cases confirmed from Jalandhar District in Punjab.[420]",13
"April 17, 2020","On 17 April, 32 deaths has been reported.[421] 38 cases were reported in Rajasthan - Jaipur-5, Jodhpur-18, Jhunjhunu-1, Nagaur-2, Ajmer-1, Tonk-6, Jhalawar-1, Kota-4.[422] 5 positive cases reported from Srikalahasti Temple town of Chittoor District in Andhra Pradesh.[423] 92 positive cases were reported in Gujarat.[424] 38 cases were reported in Karnataka.[425] 288 cases were reported in Maharashtra.[426] 66 cases were reported in Telangana.[427] Two cases reported from Ludhiana District and first case reported from Ferozepur District all came into contact with the Assistant Commissioner of Police[428] Four cases confirmed in Jalandhar.[429] State officer who tested corona positive a day before in Ludhiana, passed away.[430] 56 positive cases were reported in Tamil Nadu.[431] 15 positive cases were reported in Dharavi.[432]",16
"April 18, 2020","On 18 April, According to Ministry of Health and Family Welfare Out of a total of 14378 cases, 4291 (29.8%) cases are affected by Nizamuddin Markaz cluster. 84 percent in Tamil Nadu, 63 percent in Delhi, 79 percent in Telangana, 59 percent in Uttar Pradesh and 61 percent in Andhra Pradesh are related to this incident & 1992 patients have been cured till the date, which is overall cure 13.85% of the total patients.[433] 98 cases were reported in Rajasthan.[434] 12 positive cases were reported in Karnataka.[435] 49 cases were reported in Tamil Nadu.[436] 2 cases were reported in Uttarakhand.[437] In Ludhiana another state official, an Assistant sub-inspector of police tested corona positive.",16
"April 19, 2020",31 deaths has been reported.[439],16
"April 19, 2020","Jharkhand: One person reported positive in Dhanbad, taking the tally in Dhanbad to 2.[440]",17
"April 19, 2020","Uttar Pradesh: 45 positive cases were reported in Agra, taking the tally in an Agra to 241.[441]",17
"April 19, 2020",Maharashtra: 9 cases were reported in Nagpur. taking the tally in a city to 72.[442],17
"April 19, 2020","Bihar: one positive case was reported in Bihar, taking the tally to 87 in a state.[443]",17
"April 19, 2020","Karnataka: 4 cases were reported in the Mysuru. Out of the 4 patients, 2 patients have travel history to Delhi. taking the telly in the state to 388.[444]",17
"April 19, 2020","Rajasthan: 80 positive cases reported -17 in Bharatpur, 1 in Bhilwara, 2 in Bikaner, 7 in Jaipur, 1 in Jaisalmer, 1 in Jhunjhunu, 30 in Jodhpur, 12 in Nagour, 2 in Kota 2 in Jhalawar, 1 in Hanumangarh & 1 in Sawai Madhopur. Taking the tally in a state to 1431.[445]",17
"April 19, 2020",Punjabː 4 cases were reported in Mohali.,17
"April 20, 2020","40 deaths and 1,540 new cases were reported.[447]",17
"April 20, 2020","After Goa, now Manipur has also defeated the coronavirus. Two people were infected with the coronavirus there, but now both have recovered and returned home. Manipur has become a COVID-19 free state.",17
"April 21, 2020",44 deaths has been reported.,17
"April 22, 2020",Union Cabinet approves ordinance making acts of violence against doctors as non-bailable offences,17
"April 22, 2020",49 deaths has been reported.[462],17
"April 22, 2020",India stops rapid tests over faulty Chinese testing kits.,17
"April 23, 2020",34 deaths & 1299 new cases has been reported.,17
"April 24, 2020","Meeting on second economic package. Prime Minister Narendra Modi and Union Finance Minister Nirmala Sitharaman finalise a second stimulus package for industry, the poor, and farmers.",10
"April 24, 2020",37 deaths & 1752 cases reported.,17
"April 25, 2020",56 deaths & 1490 cases were reported.,17
"April 25, 2020",Punjabː A lady doctor tested corona positive in Pathankot.[491] Six more cases confirmed in Rajpura of Patiala District and all came into contact with corona positive patients.[492] Near about after one month a new COVID-19 case reported in Nawanshahr where a 35 years old man tested corona positive who returned from Jammu.[493] 18th death reported in Punjab from Jalandhar district where a 48 years old man died at morning and later on tested positive,16
"April 26, 2020",47 deaths & 1975 cases were reported.,17
"April 27, 2020",60 deaths & 1463 cases were reported.,17
"April 28, 2020",51 deaths & 1594 cases were reported.,17
"April 29, 2020",71 deaths & 1813 cases were reported.,17
"April 29, 2020","Punjabː 2 cases confirmed in Faridkot who returned from Nanded, Maharashtra.[529] 11 cases confirmed in Ludhiana, out of these 7 returned from Nanded and 4 returned from Kota University in Rajasthan and 3 cases confirmed in Hoshiarpur[530] 2 new cases reported in Mohali.",16
"April 30, 2020",67 deaths & 1823 cases were reported.,17
"May 1, 2020",Shramik Special trains for migrants. Shramik Special trains start from today in Centre's bid to ferry stranded migrant workers to their native states amid the Covid-19 lockdown.,18
"May 1, 2020",77 deaths & 1755 cases were reported.,17
"May 1, 2020",The Government of India extended nationwide lockdown further by two weeks until 17 May.,10
"May 4, 2020","Lockdown 3.0. India has entered the third phase of its nationwide lockdown. The total number of coronavirus cases in the country has reached 42,533 and there have been 1,391 fatalities so far. According to MHA guidelines, there will be considerable relaxations starting today in districts that fall in the Green and Orange Zones. States hit with most cases in India at present are Maharashtra (12,974), Gujarat (5,428), Delhi (4,549), Madhya Pradesh (2,846), Rajasthan (2,886), Tamil Nadu (3,023), Uttar Pradesh (2,645).",10
"May 5, 2020",194 deaths & 3875 cases were reported.,17
"May 5, 2020",Tripura: 13 border security force personnel tested positive in the state.,18
"May 6, 2020",111 deaths & 2680 cases were reported.,17
"May 6, 2020",Telangana government announced for extension of lockdown till 29 May in the state.,10
"May 7, 2020","89 deaths & 3561 cases were reported.[594] The tally of total cases in country crosses 50,000-mark",17
"May 7, 2020","Maharashtraː 1,216 cases in the state & 250 policeman cases were reported in a Mumbai city & tally of total cases in Mumbai crosses 10,000-mark till.",18
"May 11, 2020",97 deaths & 4213 cases were reported.,17
"May 11, 2020","The total of 20,000 recoveries reported till 11 may.",19
May 13,Finance Minister Nirmala Sitharaman announces a second set of measures that are part of a Rs 20 trillion fiscal and monetary package announced by Prime Minister Narendra Modi to support India’s economy.,20
May 13,Sitharaman announces measures of nearly Rs 5.94 trillion to provide relief to small businesses; taxpayers; shadow banks; power distribution companies; real estate; organised sector employees; and contractors working with the government.,20
May 14,134 deaths & 3722cases were reported.,17
May 14,"Maharashtraː In total of 1602 cases, out of which 1001 policeman reported positive in a state.",18
May 15,"FM unveils third set of economic stimulus. Finance Minister Nirmala Sitharaman unveils the third set of stimulus measures focussing on agriculture and allied activities — dairy, fisheries, food processing, animal husbandry.",20
May 16,100 deaths & 3970 cases were reported.[688],17
May 16,Punjab government announced for extension of lockdown till 31 May.,16
May 16,"213 cases from which 119 were inmates from District Jail, Jaipur.",17
May 17,120 deaths & 4987 cases were reported.[701],17
May 17,"Maharashtra, Mizoram & Tamil Nadu government extended the lockdown till 31 May.[702][703][704] But later NDMA extended the lockdown till 31 May in all Indian states.",18
May 19,134 deaths & 4970 cases were reported.,17
May 19,"The total tally of cases crosses 100,000 mark.",17
May 20,Cyclone Amphan causes chaos in West Bengal. Super cyclone Amphan hit Bengal as an extremely severe cyclonic storm at a time when restrictions are in place due to coronavirus pandemic,21
May 30,Ministry of Home Affairs extended the lockdown till 30 June.,20
June 1,India is now the 7th-most-infected country,22
June 1,Indian Railways starts 200 special trains,22
June 8,"Unlock 1.0. Phased reopening begins after 75 days of lockdown, as India registers over 9,983 new coronavirus cases in a single day, taking its spot as the 5th worst-hit nation across the world. The total coronavirus cases in India now stand at 260,093, and as many as 7,263 have died from the disease so far.",20
June 9,274 deaths and 9985 cases were reported.,17
June 25,"1,672 backlogged deaths from Maharashtra and Delhi were added taking reported daily deaths to 2,003",18
June 18,"Centre and CBSE Board informs Supreme Court that the remaining board exams would not be conducted. ICSE, ISC decides not to hold exams either.",23
July 1,"India enters Unlock 2.0. India's total number of coronavirus cases has exceeded the 600,000-mark. Around 17,495 people have died from the fatal disease.",20
July 19,"there were 373,379 Active Cases, 677,422 Cured/Discharged, 1 Migrated and 26,816 Deaths in India",17
July 24,"Tamil nadu reported 528 deaths including backlogged deaths, taking reported daily deaths to 1,129",18
July 24,"there were 467,882 Active Cases, 885,576 Cured/Discharged, 1 Migrated and 32,063 Deaths in India. This is the highest ever recovery registers in a single day with over 36,000 patients discharges. With a new high recovery rate of 64% details",17
August 2,"there were 567,730 Active Cases 1,145,629 Cured/Discharged, 1 Migrated and 37,364 Deaths in India. India’s Case Fatality Rate (CFR) is its lowest at 2.15% since 1st Lockdown; Total recoveries nearly 11 lakh; and more than 36,500 recovered in last 24 hours",17
August 8,Indian Medical Association says nearly 198 doctors died due to COVID.,24
August 10,"there were 2,215,074 and 44.386 Deaths in India. India's COVID-19 recoveries have crossed the historic peak of 1.5 million, highest ever single day recoveries of 54,859 in the last 24 hours, rate amongst the COVID-19 patients has scaled another high of almost 70%",25
"September 1, 2020","there were 785,996 Active Cases 2,839,882 recovered, and 65,288 Deaths in India. India has registered 65,081 recoveries in the last 24 hours. The number of recovered patients has overtaken the active cases by 3.61 times. India has more than 2,000,000 recovered people than the active cases.",25
"October 5, 2020","Ministry of Health and Family Welfare, GoI has confirmed 6,623,815 COVID-19 cases, and 102,685 deaths. India’s total recovered cases have crossed 5.5 million.",25
"November 2, 2020","MoHFW has confirmed 8,229,313 cases with 561,908 active COVID-19 cases, 7,544,798 discharged and 122,607 deaths. This week compared to previous week Chandigarh, Delhi, Haryana, Himachal Pradesh, Ladakh, Meghalaya, Mizoram and Telangana have shown increase in the cases",25
"November 30, 2020","India reported 9,431,691 confirmed cases. Past few days saw a slight increase in daily cases, which are now again declining. 38,772 confirmed cases were reported while 291, 826 cases were reported in the past week alone with is 6,732 cases per million. There were 137,139 total deaths reported",25
"December 28, 2020","reported 10,207,871confirmed cases. Daily cases have been declining, with 20,021 confirmed cases reported on 28 December 2020. Cases per million is 7,286 and a total of 147,901 deaths have been reported",25
"December 28, 2020","MoHFW released operational guidelines for COVID vaccination, WHO worked closely with MOHFW in the development of the guidelines together with partners.  MOHFW plans for end-to-end dry run for COVID vaccination underway. WCO has been requested to support dry run in Assam, Andhra Pradesh, Punjab, Rajasthan, and Gujarat to start with.",26
"January 25, 2021"," India reported 10,667,736 confirmed cases. Daily cases in India continue to decline with 13,203 confirmed cases reported on 25 January 2021. In the past 7 days, India reported 95,963 confirmed cases. Cases per million is 7,614 and a total of 153,470 deaths have been reported",25
"February 22, 2021",", India reported 11,016,434 confirmed cases. There was slight increase in daily cases in past week. However, 10,584 confirmed cases reported on 22nd February 2021. Cases per million is 7,863 and a total of 156,463 deaths have been reported",25
"February 22, 2021","Total of 1,14,24,094 vaccine doses have been given through 2,44,071 sessions,as per the provisional report by MoHFW.",26
"March 22, 2021","India has reported 159,755 COVID-19 deaths with case fatality ratio (CFR) of 1.38%. Maharashtra has reported highest number of COVID-19 deaths (53,300) followed by Tamil Nadu (12,590) and Karnataka (12,432)",25
"March 22, 2021","In the past week, India has reported 1,148 deaths, of which the highest were in Maharashtra (489) followed by Punjab (228) and Kerala (101). Punjab has reported highest CFR (3.0%) followed by Maharashtra (2.2%), Sikkim (2.2%) and West Bengal (1.8%).",25
"March 22, 2021",More than 85% of affected districts reported one or more COVID-19 case in last seven days,27
"April 21, 2021","India reports highest number of daily cases at 233,091 (7DMA). This is more than 25% of daily cases reported in the world.",27
"April 21, 2021","Five states, namely, Maharashtra, Kerala, Karnataka, Tamil Nadu and Andhra Pradesh are contributing almost 55% of total cases.",27
"April 21, 2021","In the past week 1,631,636 cases reported in country with Maharashtra reporting highest number of cases (439,266) followed by Uttar Pradesh (174,212) and Delhi (140,458)",27